time_UT,latitude_deg,longitude_deg,totality_duration_s,path_width_km,sun_altitude_deg
08:25:07,28.4613,-42.9368,189.2,207.7,1.4
08:26:02,30.4633,-36.3278,204.3,213.5,7.7
08:26:57,31.3577,-33.0756,212.3,216.3,10.8
08:27:52,32.0002,-30.5741,218.6,218.3,13.2
08:28:47,32.5091,-28.4653,224.2,220.1,15.3
08:29:41,32.9313,-26.6084,229.1,221.6,17.1
08:30:36,33.2908,-24.9311,233.7,222.9,18.7
08:31:31,33.6023,-23.3900,238.0,224.1,20.2
08:32:26,33.8752,-21.9571,242.0,225.2,21.6
08:33:21,34.1161,-20.6126,245.9,226.3,22.9
08:34:15,34.3301,-19.3424,249.6,227.2,24.2
08:35:10,34.5206,-18.1356,253.1,228.1,25.4
08:36:05,34.6907,-16.9839,256.5,229.0,26.5
08:37:00,34.8426,-15.8808,259.8,229.8,27.6
08:37:55,34.9783,-14.8207,263.0,230.6,28.7
08:38:49,35.0992,-13.7992,266.1,231.3,29.7
08:39:44,35.2067,-12.8128,269.2,232.1,30.7
08:40:39,35.3019,-11.8581,272.1,232.8,31.7
08:41:34,35.3857,-10.9326,275.0,233.4,32.6
08:42:29,35.4590,-10.0340,277.8,234.1,33.5
08:43:23,35.5226,-9.1602,280.6,234.7,34.4
08:44:18,35.5769,-8.3095,283.2,235.3,35.3
08:45:13,35.6227,-7.4803,285.9,235.9,36.2
08:46:08,35.6604,-6.6714,288.4,236.4,37.0
08:47:03,35.6905,-5.8814,291.0,237.0,37.8
08:47:57,35.7133,-5.1092,293.5,237.5,38.6
08:48:52,35.7293,-4.3539,295.9,238.0,39.4
08:49:47,35.7388,-3.6146,298.3,238.5,40.2
08:50:42,35.7420,-2.8905,300.6,239.0,41.0
08:51:36,35.7394,-2.1808,302.9,239.5,41.7
08:52:31,35.7311,-1.4848,305.2,240.0,42.5
08:53:26,35.7174,-0.8020,307.4,240.5,43.2
08:54:21,35.6984,-0.1317,309.5,240.9,43.9
08:55:16,35.6745,0.5266,311.7,241.3,44.7
08:56:10,35.6458,1.1734,313.8,241.8,45.4
08:57:05,35.6125,1.8091,315.8,242.2,46.1
08:58:00,35.5747,2.4341,317.9,242.6,46.7
08:58:55,35.5326,3.0489,319.8,243.0,47.4
08:59:50,35.4863,3.6538,321.8,243.4,48.1
09:00:44,35.4361,4.2491,323.7,243.8,48.8
09:01:39,35.3819,4.8353,325.6,244.2,49.4
09:02:34,35.3240,5.4126,327.4,244.5,50.1
09:03:29,35.2625,5.9812,329.2,244.9,50.7
09:04:24,35.1974,6.5415,331.0,245.3,51.3
09:05:18,35.1288,7.0937,332.8,245.6,52.0
09:06:13,35.0570,7.6381,334.5,246.0,52.6
09:07:08,34.9819,8.1749,336.2,246.3,53.2
09:08:03,34.9036,8.7042,337.8,246.6,53.8
09:08:58,34.8223,9.2265,339.4,247.0,54.4
09:09:52,34.7379,9.7417,341.0,247.3,55.0
09:10:47,34.6507,10.2502,342.6,247.6,55.6
09:11:42,34.5606,10.7520,344.1,247.9,56.2
09:12:37,34.4678,11.2474,345.6,248.2,56.8
09:13:32,34.3722,11.7366,347.1,248.5,57.4
09:14:26,34.2740,12.2197,348.5,248.8,58.0
09:15:21,34.1732,12.6968,349.9,249.1,58.6
09:16:16,34.0699,13.1681,351.3,249.3,59.1
09:17:11,33.9641,13.6338,352.6,249.6,59.7
09:18:06,33.8559,14.0940,353.9,249.9,60.3
09:19:00,33.7454,14.5488,355.2,250.1,60.8
09:19:55,33.6325,14.9983,356.4,250.4,61.4
09:20:50,33.5174,15.4427,357.6,250.6,61.9
09:21:45,33.4001,15.8821,358.8,250.9,62.5
09:22:40,33.2805,16.3166,360.0,251.1,63.0
09:23:34,33.1589,16.7463,361.1,251.3,63.6
09:24:29,33.0351,17.1714,362.2,251.6,64.1
09:25:24,32.9093,17.5919,363.3,251.8,64.6
09:26:19,32.7815,18.0079,364.3,252.0,65.1
09:27:14,32.6517,18.4196,365.3,252.2,65.7
09:28:08,32.5199,18.8269,366.3,252.4,66.2
09:29:03,32.3863,19.2302,367.3,252.7,66.7
09:29:58,32.2507,19.6293,368.2,252.9,67.2
09:30:53,32.1133,20.0245,369.1,253.1,67.7
09:31:47,31.9741,20.4157,370.0,253.3,68.2
09:32:42,31.8331,20.8031,370.8,253.4,68.7
09:33:37,31.6904,21.1868,371.6,253.6,69.2
09:34:32,31.5459,21.5669,372.4,253.8,69.7
09:35:27,31.3996,21.9434,373.1,254.0,70.2
09:36:21,31.2517,22.3164,373.9,254.2,70.7
09:37:16,31.1022,22.6859,374.5,254.3,71.2
09:38:11,30.9510,23.0522,375.2,254.5,71.7
09:39:06,30.7982,23.4151,375.9,254.7,72.1
09:40:01,30.6437,23.7749,376.5,254.8,72.6
09:40:55,30.4877,24.1316,377.0,255.0,73.1
09:41:50,30.3302,24.4851,377.6,255.1,73.5
09:42:45,30.1711,24.8358,378.1,255.3,74.0
09:43:40,30.0105,25.1834,378.6,255.4,74.4
09:44:35,29.8484,25.5283,379.1,255.5,74.9
09:45:29,29.6848,25.8703,379.5,255.7,75.3
09:46:24,29.5198,26.2097,380.0,255.8,75.7
09:47:19,29.3533,26.5463,380.4,256.0,76.1
09:48:14,29.1854,26.8804,380.7,256.1,76.6
09:49:09,29.0160,27.2120,381.0,256.2,77.0
09:50:03,28.8452,27.5410,381.4,256.3,77.4
09:50:58,28.6731,27.8677,381.6,256.4,77.7
09:51:53,28.4995,28.1920,381.9,256.6,78.1
09:52:48,28.3246,28.5140,382.1,256.7,78.5
09:53:43,28.1483,28.8337,382.3,256.8,78.8
09:54:37,27.9707,29.1513,382.5,256.9,79.1
09:55:32,27.7918,29.4668,382.7,257.0,79.5
09:56:27,27.6115,29.7802,382.8,257.1,79.8
09:57:22,27.4299,30.0916,382.9,257.2,80.1
09:58:17,27.2470,30.4010,383.0,257.3,80.3
09:59:11,27.0628,30.7085,383.0,257.4,80.6
10:00:06,26.8772,31.0142,383.0,257.5,80.8
10:01:01,26.6905,31.3180,383.0,257.6,81.0
10:01:56,26.5024,31.6202,383.0,257.6,81.2
10:02:51,26.3130,31.9206,382.9,257.7,81.3
10:03:45,26.1224,32.2195,382.8,257.8,81.4
10:04:40,25.9306,32.5167,382.7,257.9,81.5
10:05:35,25.7374,32.8124,382.6,258.0,81.6
10:06:30,25.5430,33.1066,382.5,258.0,81.6
10:07:25,25.3474,33.3994,382.3,258.1,81.6
10:08:19,25.1505,33.6909,382.1,258.2,81.5
10:09:14,24.9524,33.9810,381.8,258.2,81.5
10:10:09,24.7531,34.2698,381.6,258.3,81.4
10:11:04,24.5525,34.5575,381.3,258.4,81.2
10:11:58,24.3507,34.8439,381.0,258.4,81.1
10:12:53,24.1476,35.1293,380.7,258.5,80.9
10:13:48,23.9434,35.4136,380.3,258.5,80.7
10:14:43,23.7378,35.6968,380.0,258.6,80.5
10:15:38,23.5311,35.9792,379.6,258.7,80.2
10:16:32,23.3231,36.2606,379.2,258.7,80.0
10:17:27,23.1139,36.5411,378.7,258.8,79.7
10:18:22,22.9035,36.8209,378.2,258.8,79.4
10:19:17,22.6918,37.0999,377.8,258.8,79.0
10:20:12,22.4789,37.3782,377.2,258.9,78.7
10:21:06,22.2647,37.6559,376.7,258.9,78.3
10:22:01,22.0493,37.9330,376.2,259.0,78.0
10:22:56,21.8327,38.2095,375.6,259.0,77.6
10:23:51,21.6148,38.4856,375.0,259.0,77.2
10:24:46,21.3957,38.7613,374.3,259.1,76.8
10:25:40,21.1752,39.0365,373.7,259.1,76.4
10:26:35,20.9536,39.3115,373.0,259.1,76.0
10:27:30,20.7306,39.5862,372.3,259.1,75.6
10:28:25,20.5064,39.8607,371.6,259.2,75.1
10:29:20,20.2809,40.1350,370.9,259.2,74.7
10:30:14,20.0541,40.4093,370.1,259.2,74.3
10:31:09,19.8260,40.6835,369.4,259.2,73.8
10:32:04,19.5965,40.9578,368.6,259.2,73.4
10:32:59,19.3658,41.2322,367.7,259.2,72.9
10:33:54,19.1337,41.5067,366.9,259.2,72.4
10:34:48,18.9003,41.7814,366.0,259.2,72.0
10:35:43,18.6655,42.0565,365.1,259.2,71.5
10:36:38,18.4294,42.3318,364.2,259.2,71.0
10:37:33,18.1919,42.6076,363.3,259.2,70.5
10:38:28,17.9530,42.8839,362.4,259.2,70.0
10:39:22,17.7127,43.1607,361.4,259.2,69.5
10:40:17,17.4709,43.4381,360.4,259.2,69.1
10:41:12,17.2278,43.7162,359.4,259.2,68.6
10:42:07,16.9831,43.9951,358.3,259.1,68.0
10:43:02,16.7370,44.2748,357.3,259.1,67.5
10:43:56,16.4895,44.5554,356.2,259.1,67.0
10:44:51,16.2404,44.8370,355.1,259.0,66.5
10:45:46,15.9898,45.1197,354.0,259.0,66.0
10:46:41,15.7376,45.4035,352.9,259.0,65.5
10:47:36,15.4838,45.6886,351.7,258.9,64.9
10:48:30,15.2285,45.9750,350.5,258.8,64.4
10:49:25,14.9716,46.2628,349.3,258.8,63.9
10:50:20,14.7130,46.5522,348.1,258.7,63.3
10:51:15,14.4527,46.8431,346.9,258.7,62.8
10:52:10,14.1908,47.1357,345.6,258.6,62.3
10:53:04,13.9271,47.4302,344.3,258.5,61.7
10:53:59,13.6616,47.7265,343.0,258.4,61.2
10:54:54,13.3944,48.0249,341.7,258.3,60.6
10:55:49,13.1253,48.3254,340.3,258.2,60.0
10:56:43,12.8544,48.6281,339.0,258.1,59.5
10:57:38,12.5816,48.9332,337.6,258.0,58.9
10:58:33,12.3068,49.2409,336.2,257.9,58.3
10:59:28,12.0301,49.5511,334.7,257.7,57.8
11:00:23,11.7513,49.8641,333.3,257.6,57.2
11:01:17,11.4705,50.1800,331.8,257.4,56.6
11:02:12,11.1876,50.4989,330.3,257.3,56.0
11:03:07,10.9025,50.8211,328.8,257.1,55.4
11:04:02,10.6152,51.1466,327.2,256.9,54.8
11:04:57,10.3256,51.4757,325.7,256.7,54.2
11:05:51,10.0337,51.8085,324.1,256.5,53.6
11:06:46,9.7394,52.1452,322.5,256.3,53.0
11:07:41,9.4426,52.4860,320.9,256.1,52.4
11:08:36,9.1433,52.8311,319.2,255.9,51.7
11:09:31,8.8414,53.1807,317.5,255.6,51.1
11:10:25,8.5368,53.5351,315.8,255.4,50.5
11:11:20,8.2294,53.8946,314.1,255.1,49.8
11:12:15,7.9192,54.2592,312.3,254.8,49.2
11:13:10,7.6061,54.6295,310.5,254.5,48.5
11:14:05,7.2899,55.0055,308.7,254.2,47.8
11:14:59,6.9705,55.3877,306.9,253.9,47.1
11:15:54,6.6479,55.7764,305.0,253.6,46.5
11:16:49,6.3219,56.1719,303.2,253.2,45.8
11:17:44,5.9923,56.5746,301.2,252.8,45.1
11:18:39,5.6591,56.9849,299.3,252.4,44.4
11:19:33,5.3221,57.4033,297.3,252.0,43.6
11:20:28,4.9811,57.8303,295.3,251.6,42.9
11:21:23,4.6360,58.2662,293.3,251.1,42.2
11:22:18,4.2865,58.7118,291.2,250.6,41.4
11:23:13,3.9324,59.1676,289.1,250.1,40.7
11:24:07,3.5736,59.6343,286.9,249.6,39.9
11:25:02,3.2097,60.1126,284.8,249.0,39.1
11:25:57,2.8405,60.6032,282.5,248.4,38.3
11:26:52,2.4657,61.1071,280.3,247.8,37.5
11:27:47,2.0849,61.6253,278.0,247.2,36.7
11:28:41,1.6978,62.1588,275.6,246.5,35.8
11:29:36,1.3040,62.7088,273.2,245.8,34.9
11:30:31,0.9030,63.2766,270.8,245.0,34.1
11:31:26,0.4943,63.8639,268.3,244.3,33.2
11:32:21,0.0772,64.4723,265.7,243.4,32.2
11:33:15,-0.3488,65.1039,263.1,242.6,31.3
11:34:10,-0.7847,65.7609,260.4,241.6,30.3
11:35:05,-1.2312,66.4460,257.7,240.7,29.3
11:36:00,-1.6894,67.1624,254.8,239.6,28.2
11:36:54,-2.1607,67.9139,251.9,238.5,27.1
11:37:49,-2.6466,68.7049,248.9,237.4,26.0
11:38:44,-3.1488,69.5410,245.7,236.1,24.9
11:39:39,-3.6697,70.4290,242.5,234.8,23.6
11:40:34,-4.2123,71.3778,239.1,233.4,22.3
11:41:28,-4.7802,72.3987,235.5,231.9,21.0
11:42:23,-5.3787,73.5071,231.7,230.2,19.5
11:43:18,-6.0149,74.7247,227.7,228.4,17.9
11:44:13,-6.6993,76.0835,223.4,226.3,16.2
11:45:08,-7.4487,77.6347,218.6,224.0,14.3
11:46:02,-8.2931,79.4700,213.2,221.3,12.1
11:46:57,-9.2977,81.7891,206.7,217.9,9.4
11:47:52,-10.6822,85.2691,197.6,213.0,5.5
