country,city,governorate,latitude,longitude,utc_offset,eclipse_type,C1_local,C2_local,max_local,C3_local,C4_local,C1_UT,max_UT,C4_UT,totality_s,totality,magnitude,obscuration_pct,sun_altitude_deg,sun_azimuth_deg
Spain,Cádiz,,36.5271,-6.2886,+2,total,09:40:46,10:45:26,10:46:53,10:48:20,11:59:37,07:40:46,08:46:53,09:59:37,174,2m 54s,1.0072,100.00,37.4,95.1
Spain,Seville,,37.3891,-5.9845,+2,partial,09:41:32,,10:47:33,,12:00:01,07:41:32,08:47:33,10:00:01,0,,0.9787,98.35,37.7,96.1
Spain,Málaga,,36.7213,-4.4214,+2,total,09:42:07,10:48:11,10:49:06,10:50:01,12:02:38,07:42:07,08:49:06,10:02:38,110,1m 50s,1.0026,100.00,39.4,96.8
Spain,Tarifa,,36.0128,-5.6061,+2,total,09:40:54,10:45:09,10:47:28,10:49:48,12:00:46,07:40:54,08:47:28,10:00:46,279,4m 39s,1.0254,100.00,38.2,95.2
Spain,Algeciras,,36.1408,-5.4562,+2,total,09:41:04,10:45:29,10:47:41,10:49:55,12:01:00,07:41:04,08:47:41,10:01:00,266,4m 26s,1.0213,100.00,38.3,95.5
Spain,Jerez de la Frontera,,36.6850,-6.1261,+2,total,09:40:58,10:46:18,10:47:07,10:47:57,11:59:52,07:40:58,08:47:07,09:59:52,99,1m 39s,1.0022,100.00,37.6,95.4
Spain,Granada,,37.1773,-3.5986,+2,partial,09:42:59,,10:50:14,,12:03:55,07:42:59,08:50:14,10:03:55,0,,0.9877,99.22,40.2,98.0
Spain,Almería,,36.8340,-2.4637,+2,partial,09:43:36,,10:51:31,,12:05:54,07:43:36,08:51:31,10:05:54,0,,0.9995,99.99,41.4,98.7
Spain,Córdoba,,37.8882,-4.7794,+2,partial,09:42:40,,10:49:05,,12:01:50,07:42:40,08:49:05,10:01:50,0,,0.9632,96.66,38.9,97.5
Spain,Huelva,,37.2614,-6.9447,+2,partial,09:40:51,,10:46:27,,11:58:31,07:40:51,08:46:27,09:58:31,0,,0.9816,98.65,36.8,95.1
Spain,Ceuta,,35.8894,-5.3213,+2,total,09:41:01,10:45:22,10:47:46,10:50:10,12:01:15,07:41:01,08:47:46,10:01:15,288,4m 48s,1.0299,100.00,38.5,95.4
Spain,Melilla,,35.2923,-2.9381,+2,total,09:42:26,10:48:15,10:50:31,10:52:48,12:05:24,07:42:26,08:50:31,10:05:24,273,4m 33s,1.0211,100.00,41.0,96.9
Spain,Marbella,,36.5101,-4.8825,+2,total,09:41:40,10:46:51,10:48:29,10:50:08,12:01:54,07:41:40,08:48:29,10:01:54,197,3m 17s,1.0094,100.00,38.9,96.3
Gibraltar,Gibraltar,,36.1408,-5.3536,+2,total,09:41:08,10:45:36,10:47:49,10:50:02,12:01:10,07:41:08,08:47:49,10:01:10,267,4m 27s,1.0214,100.00,38.4,95.5
Morocco,Tangier,,35.7595,-5.8340,+1,total,08:40:36,09:44:42,09:47:07,09:49:33,11:00:24,07:40:36,08:47:07,10:00:24,290,4m 50s,1.0337,100.00,37.9,94.8
Morocco,Tetouan,,35.5785,-5.3684,+1,total,08:40:49,09:45:11,09:47:36,09:50:02,11:01:12,07:40:49,08:47:36,10:01:12,291,4m 51s,1.0317,100.00,38.4,95.1
Morocco,Chefchaouen,,35.1688,-5.2636,+1,total,08:40:41,09:45:30,09:47:36,09:49:43,11:01:24,07:40:41,08:47:36,10:01:24,253,4m 13s,1.0178,100.00,38.5,94.8
Morocco,Al Hoceima,,35.2517,-3.9372,+1,total,08:41:39,09:47:02,09:49:15,09:51:28,11:03:40,07:41:39,08:49:15,10:03:40,266,4m 26s,1.0199,100.00,39.9,96.0
Morocco,Nador,,35.1681,-2.9335,+1,total,08:42:22,09:48:23,09:50:30,09:52:38,11:05:26,07:42:22,08:50:30,10:05:26,255,4m 15s,1.0169,100.00,41.0,96.8
Morocco,Rabat,,34.0209,-6.8416,+1,partial,08:39:07,,09:45:22,,10:58:42,07:39:07,08:45:22,09:58:42,0,,0.9808,98.56,36.9,92.6
Morocco,Fez,,34.0181,-5.0078,+1,partial,08:40:22,,09:47:34,,11:01:51,07:40:22,08:47:34,10:01:51,0,,0.9787,98.35,38.8,94.0
Morocco,Larache,,35.1932,-6.1557,+1,total,08:40:06,09:44:25,09:46:33,09:48:43,10:59:54,07:40:06,08:46:33,09:59:54,258,4m 18s,1.0195,100.00,37.6,94.1
Morocco,Oujda,,34.6814,-1.9086,+1,total,08:42:59,09:51:14,09:51:44,09:52:15,11:07:21,07:42:59,08:51:44,10:07:21,61,1m 01s,1.0007,100.00,42.2,97.2
Morocco,Casablanca,,33.5731,-7.5898,+1,partial,08:38:28,,09:44:22,,10:57:24,07:38:28,08:44:22,09:57:24,0,,0.9668,97.07,36.0,91.7
Morocco,Meknes,,33.8935,-5.5473,+1,partial,08:39:56,,09:46:52,,11:00:55,07:39:56,08:46:52,10:00:55,0,,0.9749,97.96,38.2,93.5
Morocco,Marrakesh,,31.6295,-7.9811,+1,partial,08:37:40,,09:43:19,,10:56:21,07:37:40,08:43:19,09:56:21,0,,0.9019,89.15,35.5,89.9
Algeria,Oran,,35.6971,-0.6308,+1,total,08:44:29,09:51:06,09:53:40,09:56:14,11:09:26,07:44:29,08:53:40,10:09:26,308,5m 08s,1.0361,100.00,43.4,99.4
Algeria,Algiers,,36.7538,3.0588,+1,partial,08:48:21,,09:59:00,,11:15:41,07:48:21,08:59:00,10:15:41,0,,0.9958,99.83,47.2,104.2
Algeria,Tlemcen,,34.8828,-1.3167,+1,total,08:43:33,09:51:00,09:52:35,09:54:11,11:08:23,07:43:33,08:52:35,10:08:23,191,3m 11s,1.0079,100.00,42.8,97.9
Algeria,Constantine,,36.3650,6.6147,+1,partial,08:51:52,,10:04:24,,11:22:29,07:51:52,09:04:24,10:22:29,0,,0.9979,99.94,51.1,108.0
Algeria,Annaba,,36.9000,7.7667,+1,partial,08:53:24,,10:06:11,,11:24:13,07:53:24,09:06:11,10:24:13,0,,0.9752,98.02,52.1,110.1
Algeria,Sétif,,36.1911,5.4137,+1,total,08:50:30,10:00:51,10:02:32,10:04:13,11:20:21,07:50:30,09:02:32,10:20:21,203,3m 23s,1.0081,100.00,49.8,106.3
Algeria,Batna,,35.5550,6.1742,+1,total,08:51:06,10:01:09,10:03:46,10:06:24,11:22:13,07:51:06,09:03:46,10:22:13,316,5m 16s,1.0269,100.00,50.9,106.5
Algeria,Biskra,,34.8504,5.7280,+1,total,08:50:23,10:00:36,10:03:06,10:05:38,11:21:48,07:50:23,09:03:06,10:21:48,302,5m 02s,1.0226,100.00,50.6,105.1
Algeria,Mostaganem,,35.9310,0.0890,+1,total,08:45:12,09:52:11,09:54:41,09:57:13,11:10:39,07:45:12,08:54:41,10:10:39,302,5m 02s,1.0286,100.00,44.2,100.3
Algeria,Chlef,,36.1650,1.3317,+1,total,08:46:26,09:54:11,09:56:28,09:58:45,11:12:49,07:46:26,08:56:28,10:12:49,274,4m 34s,1.0190,100.00,45.5,101.8
Algeria,Tébessa,,35.4040,8.1240,+1,total,08:53:18,10:04:23,10:06:58,10:09:34,11:26:05,07:53:18,09:06:58,10:26:05,311,5m 11s,1.0238,100.00,53.0,108.8
Algeria,El Oued,,33.3683,6.8674,+1,partial,08:51:27,,10:05:13,,11:24:59,07:51:27,09:05:13,10:24:59,0,,0.9773,98.24,52.3,104.7
Algeria,Ghardaïa,,32.4909,3.6735,+1,partial,08:47:47,,09:59:57,,11:18:47,07:47:47,08:59:57,10:18:47,0,,0.9358,93.43,48.8,100.2
Algeria,Djelfa,,34.6704,3.2630,+1,total,08:47:43,09:57:31,09:59:13,10:00:56,11:17:06,07:47:43,08:59:13,10:17:06,205,3m 25s,1.0085,100.00,47.9,102.2
Algeria,Laghouat,,33.8000,2.8650,+1,partial,08:47:06,,09:58:36,,11:16:40,07:47:06,08:58:36,10:16:40,0,,0.9780,98.29,47.6,100.9
Tunisia,Tunis,,36.8065,10.1815,+1,partial,08:56:15,,10:10:07,,11:28:45,07:56:15,09:10:07,10:28:45,0,,0.9665,97.07,54.7,113.4
Tunisia,Sfax,,34.7406,10.7603,+1,total,08:56:27,10:08:50,10:11:39,10:14:29,11:31:48,07:56:27,09:11:39,10:31:48,339,5m 39s,1.0320,100.00,56.2,111.6
Tunisia,Sousse,,35.8256,10.6084,+1,partial,08:56:29,,10:11:04,,11:30:30,07:56:29,09:11:04,10:30:30,0,,0.9967,99.88,55.6,112.8
Tunisia,Kairouan,,35.6781,10.0963,+1,total,08:55:47,10:08:54,10:10:14,10:11:35,11:29:39,07:55:47,09:10:14,10:29:39,161,2m 41s,1.0045,100.00,55.1,111.8
Tunisia,Gabès,,33.8815,10.0982,+1,total,08:55:29,10:08:43,10:10:45,10:12:49,11:31:14,07:55:29,09:10:45,10:31:14,246,4m 06s,1.0114,100.00,55.8,109.5
Tunisia,Djerba (Houmt Souk),,33.8750,10.8575,+1,total,08:56:29,10:09:47,10:12:07,10:14:28,11:32:47,07:56:29,09:12:07,10:32:47,281,4m 41s,1.0159,100.00,56.7,110.6
Tunisia,Gafsa,,34.4250,8.7842,+1,total,08:53:53,10:05:44,10:08:18,10:10:52,11:28:09,07:53:53,09:08:18,10:28:09,309,5m 09s,1.0222,100.00,54.1,108.4
Tunisia,Tozeur,,33.9197,8.1335,+1,total,08:53:01,10:06:24,10:07:17,10:08:10,11:27:13,07:53:01,09:07:17,10:27:13,106,1m 46s,1.0019,100.00,53.6,107.0
Tunisia,Monastir,,35.7643,10.8113,+1,partial,08:56:43,,10:11:26,,11:30:56,07:56:43,09:11:26,10:30:56,0,,0.9976,99.93,55.8,113.0
Tunisia,Bizerte,,37.2744,9.8739,+1,partial,08:56:04,,10:09:31,,11:27:44,07:56:04,09:09:31,10:27:44,0,,0.9526,95.47,54.2,113.5
Tunisia,Kasserine,,35.1676,8.8365,+1,total,08:54:06,10:05:30,10:08:13,10:10:57,11:27:40,07:54:06,09:08:13,10:27:40,327,5m 27s,1.0283,100.00,53.9,109.4
Tunisia,Medenine,,33.3549,10.5055,+1,partial,08:56:00,,10:11:40,,11:32:30,07:56:00,09:11:40,10:32:30,0,,0.9963,99.86,56.5,109.4
Tunisia,Tataouine,,32.9297,10.4518,+1,partial,08:55:56,,10:11:44,,11:32:45,07:55:56,09:11:44,10:32:45,0,,0.9818,98.69,56.6,108.8
Libya,Tripoli,,32.8872,13.1913,+2,partial,09:59:44,,11:16:53,,12:38:29,07:59:44,09:16:53,10:38:29,0,,0.9995,99.99,59.8,112.8
Libya,Benghazi,,32.1167,20.0667,+2,total,10:10:44,11:27:53,11:30:58,11:34:02,12:53:17,08:10:44,09:30:58,10:53:17,369,6m 09s,1.0383,100.00,67.8,125.8
Libya,Misrata,,32.3754,15.0925,+2,partial,10:02:38,,11:20:51,,12:42:57,08:02:38,09:20:51,10:42:57,0,,0.9983,99.95,62.2,115.3
Libya,Sirte,,31.2089,16.5887,+2,partial,10:05:17,,11:24:39,,12:47:23,08:05:17,09:24:39,10:47:23,0,,0.9741,97.92,64.6,116.3
Libya,Tobruk,,32.0836,23.9764,+2,partial,10:17:42,,11:38:51,,13:00:37,08:17:42,09:38:51,11:00:37,0,,0.9925,99.62,71.6,137.8
Libya,Derna,,32.7670,22.6367,+2,partial,10:15:01,,11:35:30,,12:57:07,08:15:01,09:35:30,10:57:07,0,,0.9882,99.28,69.8,134.2
Libya,Ajdabiya,,30.7554,20.2263,+2,partial,10:11:33,,11:32:32,,12:55:29,08:11:33,09:32:32,10:55:29,0,,0.9984,99.96,69.0,123.9
Libya,Al Bayda,,32.7627,21.7551,+2,partial,10:13:28,,11:33:45,,12:55:31,08:13:28,09:33:45,10:55:31,0,,0.9988,99.98,69.0,131.5
Libya,Jalu,,29.0331,21.5482,+2,partial,10:14:55,,11:37:05,,13:00:33,08:14:55,09:37:05,11:00:33,0,,0.9607,96.44,71.7,124.5
Libya,Kufra,,24.1990,23.2900,+2,partial,10:23:03,,11:46:57,,13:10:45,08:23:03,09:46:57,11:10:45,0,,0.8365,80.99,77.5,118.6
Libya,Sabha,,27.0377,14.4283,+2,partial,10:04:17,,11:23:18,,12:46:31,08:04:17,09:23:18,10:46:31,0,,0.8180,78.61,64.0,105.4
Libya,Ghadames,,30.1337,9.5007,+2,partial,09:55:11,,11:11:03,,12:32:39,07:55:11,09:11:03,10:32:39,0,,0.8824,86.78,56.5,103.7
Libya,Brega,,30.4167,19.5833,+2,partial,10:10:36,,11:31:30,,12:54:37,08:10:36,09:31:30,10:54:37,0,,0.9804,98.56,68.5,121.7
Libya,Al Jaghbub,,29.7425,24.5167,+2,total,10:19:57,11:39:46,11:42:35,11:45:26,13:05:22,08:19:57,09:42:35,11:05:22,340,5m 40s,1.0219,100.00,74.1,136.4
Egypt,Luxor,Luxor,25.6872,32.6396,+3,total,11:40:18,13:02:08,13:05:19,13:08:29,14:26:35,08:40:18,10:05:19,11:26:35,380,6m 20s,1.0350,100.00,81.8,196.1
Egypt,Aswan,Aswan,24.0889,32.8998,+3,partial,11:42:52,,13:08:28,,14:29:52,08:42:52,10:08:28,11:29:52,0,,0.9959,99.84,82.9,207.5
Egypt,Qena,Qena,26.1551,32.7160,+3,total,11:39:55,13:01:38,13:04:43,13:07:48,14:25:51,08:39:55,10:04:43,11:25:51,370,6m 10s,1.0297,100.00,81.3,194.8
Egypt,Sohag,Sohag,26.5591,31.6957,+3,total,11:37:17,12:58:49,13:02:00,13:05:10,14:23:29,08:37:17,10:02:00,11:23:29,382,6m 22s,1.0366,100.00,81.2,183.8
Egypt,Asyut,Asyut,27.1783,31.1859,+3,total,11:35:33,12:56:57,13:00:00,13:03:03,14:21:32,08:35:33,10:00:00,11:21:32,366,6m 06s,1.0281,100.00,80.6,177.7
Egypt,Minya,Minya,28.1099,30.7503,+3,total,11:33:44,12:55:41,12:57:43,12:59:45,14:19:07,08:33:44,09:57:43,11:19:07,244,4m 04s,1.0091,100.00,79.6,172.6
Egypt,Beni Suef,Beni Suef,29.0661,31.0994,+3,partial,11:33:39,,12:57:01,,14:17:54,08:33:39,09:57:01,11:17:54,0,,0.9763,98.15,78.6,174.1
Egypt,Faiyum,Faiyum,29.3084,30.8428,+3,partial,11:32:55,,12:56:09,,14:17:03,08:32:55,09:56:09,11:17:03,0,,0.9736,97.88,78.4,172.0
Egypt,Cairo,Cairo,30.0444,31.2357,+3,partial,11:33:12,,12:55:53,,14:16:15,08:33:12,09:55:53,11:16:15,0,,0.9464,94.77,77.7,173.9
Egypt,Giza,Giza,30.0131,31.2089,+3,partial,11:33:10,,12:55:53,,14:16:16,08:33:10,09:55:53,11:16:16,0,,0.9477,94.93,77.7,173.7
Egypt,Alexandria,Alexandria,31.2001,29.9187,+3,partial,11:29:43,,12:51:43,,14:12:03,08:29:43,09:51:43,11:12:03,0,,0.9343,93.31,76.1,165.0
Egypt,Hurghada,Red Sea,27.2579,33.8116,+3,partial,11:41:08,,13:05:09,,14:25:26,08:41:08,10:05:09,11:25:26,0,,0.9798,98.51,80.0,199.6
Egypt,Safaga,Red Sea,26.7292,33.9365,+3,partial,11:41:57,,13:06:15,,14:26:38,08:41:57,10:06:15,11:26:38,0,,0.9920,99.59,80.3,202.8
Egypt,El Quseir,Red Sea,26.1042,34.2778,+3,total,11:43:23,13:06:46,13:07:56,13:09:06,14:28:19,08:43:23,10:07:56,11:28:19,140,2m 20s,1.0028,100.00,80.6,208.4
Egypt,Marsa Alam,Red Sea,25.0676,34.8790,+3,total,11:45:56,13:08:06,13:10:50,13:13:34,14:31:10,08:45:56,10:10:50,11:31:10,328,5m 28s,1.0196,100.00,80.8,218.6
Egypt,Kharga,New Valley,25.4390,30.5586,+3,partial,11:36:09,,13:01:22,,14:23:33,08:36:09,10:01:22,11:23:33,0,,0.9911,99.52,82.3,175.2
Egypt,Mut (Dakhla Oasis),New Valley,25.4950,28.9790,+3,partial,11:32:47,,12:57:55,,14:20:37,08:32:47,09:57:55,11:20:37,0,,0.9655,96.99,81.7,158.8
Egypt,Edfu,Aswan,24.9781,32.8789,+3,total,11:41:40,13:04:10,13:06:57,13:09:43,14:28:15,08:41:40,10:06:57,11:28:15,333,5m 33s,1.0199,100.00,82.2,202.0
Egypt,Kom Ombo,Aswan,24.4527,32.9283,+3,total,11:42:27,13:06:10,13:07:55,13:09:40,14:29:16,08:42:27,10:07:55,11:29:16,209,3m 29s,1.0064,100.00,82.6,205.5
Egypt,Esna,Luxor,25.2934,32.5540,+3,total,11:40:35,13:02:53,13:05:46,13:08:39,14:27:09,08:40:35,10:05:46,11:27:09,347,5m 47s,1.0226,100.00,82.1,197.1
Egypt,Abu Simbel,Aswan,22.3372,31.6258,+3,partial,11:42:40,,13:08:42,,14:30:38,08:42:40,10:08:42,11:30:38,0,,0.9239,92.04,85.0,204.9
Egypt,Sharm El Sheikh,South Sinai,27.9158,34.3300,+3,partial,11:41:37,,13:05:08,,14:24:54,08:41:37,10:05:08,11:24:54,0,,0.9526,95.51,79.2,200.9
Egypt,Dendera,Qena,26.1417,32.6703,+3,total,11:39:50,13:01:32,13:04:39,13:07:45,14:25:48,08:39:50,10:04:39,11:25:48,373,6m 13s,1.0309,100.00,81.4,194.4
Egypt,Nag Hammadi,Qena,26.0490,32.2410,+3,total,11:39:01,13:00:43,13:03:55,13:07:06,14:25:17,08:39:01,10:03:55,11:25:17,383,6m 23s,1.0379,100.00,81.6,190.7
Egypt,Abydos (El Balyana),Sohag,26.1850,31.9190,+3,total,11:38:11,12:59:51,13:03:02,13:06:13,14:24:31,08:38:11,10:03:02,11:24:31,382,6m 22s,1.0359,100.00,81.5,187.1
Egypt,Farafra,New Valley,27.0580,27.9700,+3,partial,11:29:00,,12:53:26,,14:16:10,08:29:00,09:53:26,11:16:10,0,,0.9940,99.72,79.5,151.4
Egypt,Baris,New Valley,24.6700,30.6000,+3,partial,11:37:12,,13:02:41,,14:24:55,08:37:12,10:02:41,11:24:55,0,,0.9702,97.51,83.1,177.6
Egypt,Siwa,Matrouh,29.2032,25.5195,+3,total,11:22:15,12:42:36,12:45:21,12:48:07,14:08:07,08:22:15,09:45:21,11:08:07,331,5m 31s,1.0198,100.00,75.5,140.0
Egypt,Bawiti (Bahariya Oasis),Giza,28.3490,28.8650,+3,total,11:29:37,12:50:21,12:53:30,12:56:38,14:15:33,08:29:37,09:53:30,11:15:33,377,6m 17s,1.0331,100.00,78.7,158.4
Egypt,El Hayz (Bahariya),Giza,28.0300,28.6300,+3,total,11:29:25,12:50:18,12:53:27,12:56:36,14:15:42,08:29:25,09:53:27,11:15:42,377,6m 17s,1.0327,100.00,78.9,156.7
Egypt,Mandisha (Bahariya),Giza,28.3540,28.9350,+3,total,11:29:45,12:50:30,12:53:38,12:56:45,14:15:40,08:29:45,09:53:38,11:15:40,375,6m 15s,1.0319,100.00,78.7,158.9
Egypt,Marsa Matruh,Matrouh,31.3543,27.2373,+3,partial,11:24:15,,12:46:13,,14:07:29,08:24:15,09:46:13,11:07:29,0,,0.9699,97.48,74.7,150.8
Egypt,Port Said,Port Said,31.2653,32.3019,+3,partial,11:34:39,,12:56:14,,14:15:24,08:34:39,09:56:14,11:15:24,0,,0.8948,88.39,76.5,179.1
Egypt,Suez,Suez,29.9668,32.5498,+3,partial,11:36:02,,12:58:34,,14:18:20,08:36:02,09:58:34,11:18:20,0,,0.9269,92.41,77.8,182.8
Egypt,Ismailia,Ismailia,30.5965,32.2715,+3,partial,11:35:01,,12:57:07,,14:16:41,08:35:01,09:57:07,11:16:41,0,,0.9140,90.80,77.2,179.9
Egypt,El Tor,South Sinai,28.2397,33.6219,+3,partial,11:39:46,,13:03:15,,14:23:15,08:39:46,10:03:15,11:23:15,0,,0.9563,95.94,79.2,194.7
Egypt,Dahab,South Sinai,28.5096,34.5136,+3,partial,11:41:29,,13:04:34,,14:23:58,08:41:29,10:04:34,11:23:58,0,,0.9332,93.18,78.6,200.1
Egypt,Arish,North Sinai,31.1316,33.7984,+3,partial,11:37:57,,12:59:16,,14:17:41,08:37:57,09:59:16,11:17:41,0,,0.8739,85.75,76.5,188.3
Egypt,Berenice,Red Sea,23.9466,35.4740,+3,total,11:48:41,13:10:45,13:13:55,13:17:05,14:34:07,08:48:41,10:13:55,11:34:07,380,6m 20s,1.0382,100.00,80.7,229.5
Egypt,Shalateen,Red Sea,23.1339,35.5940,+3,total,11:50:05,13:12:44,13:15:33,13:18:22,14:35:48,08:50:05,10:15:33,11:35:48,339,5m 39s,1.0214,100.00,80.9,235.5
Egypt,Mansoura,Dakahlia,31.0409,31.3785,+3,partial,11:32:51,,12:54:47,,14:14:32,08:32:51,09:54:47,11:14:32,0,,0.9159,91.04,76.7,173.8
Egypt,Tanta,Gharbia,30.7865,31.0004,+3,partial,11:32:13,,12:54:24,,14:14:28,08:32:13,09:54:24,11:14:28,0,,0.9292,92.68,76.9,171.7
Egypt,Zagazig,Al Sharqia,30.5877,31.5020,+3,partial,11:33:23,,12:55:39,,14:15:36,08:33:23,09:55:39,11:15:36,0,,0.9267,92.38,77.1,175.0
Egypt,Damietta,Damietta,31.4165,31.8133,+3,partial,11:33:32,,12:55:06,,14:14:24,08:33:32,09:55:06,11:14:24,0,,0.8984,88.84,76.3,176.0
Egypt,Mallawi,Minya,27.7314,30.8418,+3,total,11:34:17,12:55:46,12:58:28,13:01:09,14:19:58,08:34:17,09:58:28,11:19:58,322,5m 22s,1.0183,100.00,80.0,173.9
Egypt,Tahta,Sohag,26.7693,31.5021,+3,total,11:36:39,12:58:07,13:01:16,13:04:26,14:22:47,08:36:39,10:01:16,11:22:47,379,6m 19s,1.0341,100.00,81.0,181.5
Egypt,Qus,Qena,25.9139,32.7636,+3,total,11:40:18,13:02:02,13:05:12,13:08:22,14:26:22,08:40:18,10:05:12,11:26:22,380,6m 20s,1.0355,100.00,81.5,196.3
Egypt,Armant,Luxor,25.6167,32.5333,+3,total,11:40:09,13:02:05,13:05:12,13:08:19,14:26:32,08:40:09,10:05:12,11:26:32,375,6m 15s,1.0311,100.00,81.9,195.4
Egypt,Daraw,Aswan,24.4042,32.9206,+3,total,11:42:30,13:06:26,13:07:59,13:09:31,14:29:20,08:42:30,10:07:59,11:29:20,185,3m 05s,1.0049,100.00,82.7,205.7
Egypt,Ras Gharib,Red Sea,28.3597,33.0786,+3,partial,11:38:29,,13:02:00,,14:22:14,08:38:29,10:02:00,11:22:14,0,,0.9625,96.65,79.2,190.3
Egypt,El Gouna,Red Sea,27.3949,33.6782,+3,partial,11:40:42,,13:04:41,,14:24:59,08:40:42,10:04:41,11:24:59,0,,0.9785,98.37,79.9,198.1
Sudan (north-east),Wadi Halfa,,21.8019,31.3497,+2,partial,10:42:55,,12:09:01,,13:30:59,08:42:55,10:09:01,11:30:59,0,,0.9040,89.55,85.5,205.6
Sudan (north-east),Port Sudan,,19.6158,37.2164,+2,partial,10:59:11,,12:25:01,,13:44:25,08:59:11,10:25:01,11:44:25,0,,0.9617,96.56,78.6,262.6
Sudan (north-east),Halaib,,22.2190,36.6400,+2,total,10:53:43,12:16:34,12:19:13,12:21:52,13:38:59,08:53:43,10:19:13,11:38:59,318,5m 18s,1.0179,100.00,79.7,246.1
Sudan (north-east),Dongola,,19.1698,30.4766,+2,partial,10:45:41,,12:11:37,,13:33:13,08:45:41,10:11:37,11:33:13,0,,0.8146,78.21,87.8,230.8
Sudan (north-east),Abu Hamad,,19.5333,33.3333,+2,partial,10:50:59,,12:17:14,,13:38:10,08:50:59,10:17:14,11:38:10,0,,0.8806,86.60,84.0,253.8
Sudan (north-east),Atbara,,17.7022,33.9864,+2,partial,10:55:50,,12:21:56,,13:42:08,08:55:50,10:21:56,11:42:08,0,,0.8448,82.05,82.5,271.6
Sudan (north-east),Karima,,18.5500,31.8500,+2,partial,10:49:43,,12:15:47,,13:36:51,08:49:43,10:15:47,11:36:51,0,,0.8244,79.46,85.9,259.5
Saudi Arabia,Jeddah,,21.4858,39.1925,+3,total,12:00:31,13:22:25,13:25:24,13:28:23,14:43:50,09:00:31,10:25:24,11:43:50,358,5m 58s,1.0282,100.00,76.3,256.6
Saudi Arabia,Mecca,,21.3891,39.8579,+3,total,12:02:10,13:24:16,13:26:49,13:29:21,14:44:51,09:02:10,10:26:49,11:44:51,305,5m 05s,1.0169,100.00,75.4,258.2
Saudi Arabia,Medina,,24.5247,39.5692,+3,partial,11:57:10,,13:20:42,,14:38:26,08:57:10,10:20:42,11:38:26,0,,0.9430,94.36,76.0,243.7
Saudi Arabia,Taif,,21.2703,40.4158,+3,total,12:03:36,13:26:08,13:28:03,13:29:57,14:45:46,09:03:36,10:28:03,11:45:46,229,3m 49s,1.0084,100.00,74.7,259.5
Saudi Arabia,Riyadh,,24.7136,46.6753,+3,partial,12:13:33,,13:32:26,,14:44:49,09:13:33,10:32:26,11:44:49,0,,0.7958,75.80,67.3,256.7
Saudi Arabia,Abha,,18.2164,42.5053,+3,total,12:13:12,13:34:17,13:37:19,13:40:21,14:53:50,09:13:12,10:37:19,11:53:50,363,6m 03s,1.0375,100.00,70.7,271.8
Saudi Arabia,Al Bahah,,20.0129,41.4677,+3,total,12:07:55,13:29:38,13:32:13,13:34:47,14:49:22,09:07:55,10:32:13,11:49:22,309,5m 09s,1.0180,100.00,72.9,265.4
Saudi Arabia,Yanbu,,24.0890,38.0637,+3,partial,11:54:17,,13:18:40,,14:37:26,08:54:17,10:18:40,11:37:26,0,,0.9840,98.91,77.8,240.8
Saudi Arabia,Najran,,17.5656,44.2289,+3,total,12:18:06,13:38:51,13:41:26,13:44:01,14:56:53,09:18:06,10:41:26,11:56:53,310,5m 10s,1.0196,100.00,68.1,274.0
Saudi Arabia,Jizan,,16.8892,42.5511,+3,total,12:15:38,13:38:17,13:39:50,13:41:23,14:56:12,09:15:38,10:39:50,11:56:12,186,3m 06s,1.0055,100.00,70.0,275.6
Saudi Arabia,Bisha,,19.9922,42.6053,+3,partial,12:10:31,,13:34:15,,14:50:42,09:10:31,10:34:15,11:50:42,0,,0.9945,99.76,71.3,266.4
Saudi Arabia,Al Lith,,20.1497,40.2711,+3,total,12:05:02,13:26:43,13:29:49,13:32:54,14:47:40,09:05:02,10:29:49,11:47:40,370,6m 10s,1.0388,100.00,74.5,263.8
Saudi Arabia,Al Qunfudhah,,19.1264,41.0789,+3,total,12:08:31,13:30:09,13:33:09,13:36:07,14:50:31,09:08:31,10:33:09,11:50:31,358,5m 58s,1.0299,100.00,73.1,268.2
Saudi Arabia,Wadi ad-Dawasir,,20.4607,44.7814,+3,partial,12:14:44,,13:37:04,,14:52:01,09:14:44,10:37:04,11:52:01,0,,0.9371,93.64,68.6,266.6
Saudi Arabia,As Sulayyil,,20.4607,45.5779,+3,partial,12:16:33,,13:38:22,,14:52:45,09:16:33,10:38:22,11:52:45,0,,0.9203,91.58,67.6,267.1
Saudi Arabia,Rabigh,,22.7986,39.0349,+3,partial,11:58:14,,13:22:46,,14:41:09,08:58:14,10:22:46,11:41:09,0,,0.9978,99.94,76.7,250.2
Saudi Arabia,Khamis Mushait,,18.3000,42.7333,+3,total,12:13:34,13:34:34,13:37:34,13:40:33,14:53:56,09:13:34,10:37:34,11:53:56,359,5m 59s,1.0337,100.00,70.5,271.6
Yemen,Sana'a,,15.3694,44.1910,+3,total,12:21:55,13:44:10,13:45:23,13:46:36,15:00:38,09:21:55,10:45:23,12:00:38,146,2m 26s,1.0034,100.00,66.9,279.3
Yemen,Aden,,12.7855,45.0187,+3,partial,12:28:34,,13:51:23,,15:05:40,09:28:34,10:51:23,12:05:40,0,,0.9578,96.09,64.2,284.4
Yemen,Taiz,,13.5795,44.0209,+3,partial,12:24:58,,13:48:21,,15:03:19,09:24:58,10:48:21,12:03:19,0,,0.9555,95.83,66.0,283.2
Yemen,Al Hudaydah,,14.7978,42.9545,+3,partial,12:20:24,,13:44:22,,15:00:09,09:20:24,10:44:22,12:00:09,0,,0.9623,96.62,68.2,280.9
Yemen,Marib,,15.4591,45.3253,+3,total,12:24:10,13:44:11,13:47:04,13:49:55,15:01:41,09:24:10,10:47:04,12:01:41,344,5m 44s,1.0302,100.00,65.5,279.0
Yemen,Mukalla,,14.5425,49.1242,+3,partial,12:33:49,,13:54:28,,15:06:40,09:33:49,10:54:28,12:06:40,0,,0.9867,99.15,59.9,280.4
Yemen,Sayun,,15.9430,48.7873,+3,partial,12:30:45,,13:51:29,,15:03:57,09:30:45,10:51:29,12:03:57,0,,0.9604,96.39,61.2,278.0
Yemen,Ataq,,14.5377,46.8319,+3,total,12:29:01,13:48:11,13:51:05,13:53:57,15:04:42,09:29:01,10:51:05,12:04:42,347,5m 47s,1.0367,100.00,62.9,280.6
Yemen,Ibb,,13.9667,44.1833,+3,partial,12:24:33,,13:47:55,,15:02:54,09:24:33,10:47:55,12:02:54,0,,0.9686,97.32,66.1,282.4
Yemen,Al Ghaydah,,16.2079,52.1760,+3,partial,12:37:39,,13:55:45,,15:05:46,09:37:39,10:55:45,12:05:46,0,,0.8819,86.72,57.0,277.8
Yemen,Sa'dah,,16.9402,43.7639,+3,total,12:18:10,13:38:50,13:41:48,13:44:45,14:57:29,09:18:10,10:41:48,11:57:29,355,5m 55s,1.0329,100.00,68.4,275.5
Yemen,Shibam,,15.9266,48.6266,+3,partial,12:30:26,,13:51:17,,15:03:51,09:30:26,10:51:17,12:03:51,0,,0.9642,96.83,61.4,278.0
Yemen,Hadibu (Socotra),,12.6510,54.0236,+3,partial,12:47:00,,14:04:15,,15:13:08,09:47:00,11:04:15,12:13:08,0,,0.9274,92.42,52.6,282.8
Somalia (Puntland & Somaliland),Bosaso,,11.2842,49.1816,+3,total,12:39:44,13:58:12,14:00:14,14:02:15,15:12:00,09:39:44,11:00:14,12:12:00,244,4m 04s,1.0119,100.00,57.8,285.5
Somalia (Puntland & Somaliland),Garowe,,8.4054,48.4845,+3,partial,12:43:58,,14:04:09,,15:15:29,09:43:58,11:04:09,12:15:29,0,,0.9258,92.23,56.6,289.6
Somalia (Puntland & Somaliland),Qardho,,9.5000,49.0833,+3,partial,12:42:55,,14:03:08,,15:14:32,09:42:55,11:03:08,12:14:32,0,,0.9659,97.01,56.7,287.9
Somalia (Puntland & Somaliland),Hafun,,10.4167,51.2667,+3,total,12:45:21,14:01:48,14:04:31,14:07:14,15:14:58,09:45:21,11:04:31,12:14:58,326,5m 26s,1.0355,100.00,54.6,286.0
Somalia (Puntland & Somaliland),Berbera,,10.4396,45.0143,+3,partial,12:33:19,,13:55:33,,15:09:05,09:33:19,10:55:33,12:09:05,0,,0.8996,88.97,62.5,288.5
Somalia (Puntland & Somaliland),Hargeisa,,9.5600,44.0650,+3,partial,12:33:25,,13:55:36,,15:09:07,09:33:25,10:55:36,12:09:07,0,,0.8566,83.52,63.1,290.6
Somalia (Puntland & Somaliland),Erigavo,,10.6167,47.3667,+3,partial,12:37:29,,13:58:48,,15:11:20,09:37:29,10:58:48,12:11:20,0,,0.9560,95.87,59.6,287.1
Somalia (Puntland & Somaliland),Caluula,,11.9667,50.7500,+3,total,12:41:36,13:59:05,14:01:13,14:03:19,15:12:11,09:41:36,11:01:13,12:12:11,254,4m 14s,1.0136,100.00,56.2,284.1
Somalia (Puntland & Somaliland),Iskushuban,,10.2833,50.2333,+3,total,12:43:37,14:01:30,14:03:23,14:05:15,15:14:22,09:43:37,11:03:23,12:14:22,225,3m 45s,1.0101,100.00,55.8,286.5
Somalia (Puntland & Somaliland),Burao,,9.5221,45.5336,+3,partial,12:36:14,,13:57:57,,15:10:55,09:36:14,10:57:57,12:10:55,0,,0.8884,87.55,61.2,289.7
Somalia (Puntland & Somaliland),Las Anod,,8.4774,47.3597,+3,partial,12:41:47,,14:02:27,,15:14:17,09:41:47,11:02:27,12:14:17,0,,0.9029,89.37,58.1,290.1
